{"shape": [2, 1], "weights": [[[7.211554178015639], [2.702608134221033], [3.310438857309205]]]}